{"trackingdata":[{"bone":0,"localpose":{"TimeStamp":0,"PosX":0.2069825318181175,"PosY":1.2026865482330323,"PosZ":-0.16029299154877864,"RotQx":0.08131842461680836,"RotQy":-0.0531524960798191,"RotQz":0.0606469737092215,"RotQw":-0.9934203896428934},"globalpose":{"TimeStamp":0,"PosX":0.22311384975910177,"PosY":-0.5892654657363892,"PosZ":0.04849148541688919,"RotQx":0.0732920479966295,"RotQy":0.06872496867510662,"RotQz":-0.07013570633212663,"RotQw":0.9924646780003605},"velo":[0.0,0.0,0.0],"acce":[-2.608516231163e-312,2.608516230925e-312,-2.608516230293e-312],"wvelo":[-1.2142e-319,2.60035776209e-312,-2.605378391847e-312],"wacce":[0.0,0.0,0.0],"Action":0},{"bone":1,"localpose":{"TimeStamp":0,"PosX":0.1426161086179846,"PosY":1.1320764422416688,"PosZ":-0.15833370480432602,"RotQx":0.6212215135682523,"RotQy":0.012122812088769406,"RotQz":0.11885658847870559,"RotQw":-0.7744740020699429},"globalpose":{"TimeStamp":0,"PosX":0.16019681096076955,"PosY":-0.6598755717277527,"PosZ":0.06221451237797737,"RotQx":0.602025247604392,"RotQy":0.10673694964083813,"RotQz":-0.1939295201656958,"RotQw":0.767179357149645},"velo":[0.0,0.0,0.0],"acce":[-2.608516231163e-312,2.608516230925e-312,-2.608516230293e-312],"wvelo":[-1.2142e-319,2.60035776209e-312,-2.605378391847e-312],"wacce":[0.0,0.0,0.0],"Action":0},{"bone":2,"localpose":{"TimeStamp":0,"PosX":0.2515674501326464,"PosY":1.1108470559120179,"PosZ":-0.16388458173538918,"RotQx":0.01412447115845671,"RotQy":-0.10696073500526665,"RotQz":0.026401142460523068,"RotQw":-0.9938122962402942},"globalpose":{"TimeStamp":0,"PosX":0.26723718643188468,"PosY":-0.6811049580574036,"PosZ":0.04115352779626846,"RotQx":0.010790055900905607,"RotQy":0.015368470394178834,"RotQz":-0.027930193382471263,"RotQw":0.9994334840843668},"velo":[0.0,0.0,0.0],"acce":[-2.608516231163e-312,2.608516230925e-312,-2.608516230293e-312],"wvelo":[-1.2142e-319,2.60035776209e-312,-2.605378391847e-312],"wacce":[0.0,0.0,0.0],"Action":0},{"bone":3,"localpose":{"TimeStamp":0,"PosX":0.21173640616057178,"PosY":1.3112300336360932,"PosZ":-0.21447719517308645,"RotQx":0.05674721962176943,"RotQy":-0.035299388914695879,"RotQz":0.03940943058344698,"RotQw":-0.996985758668867},"globalpose":{"TimeStamp":0,"PosX":0.24087773263454424,"PosY":-0.4807219803333283,"PosZ":0.09990132600069046,"RotQx":0.05150223716259732,"RotQy":0.08688007737138759,"RotQz":-0.04605290133053985,"RotQw":0.9938201557637221},"velo":[1698955580402.634,0.5157673358917236,-0.9993372559547424],"acce":[1698955580396.232,0.5157673358917236,-0.9993372559547424],"wvelo":[1698955580390.424,0.5782152414321899,-0.999516487121582],"wacce":[1698955580383.865,0.5782152414321899,-0.999516487121582],"Action":0},{"bone":4,"localpose":{"TimeStamp":0,"PosX":0.03250316657246318,"PosY":1.080731749534607,"PosZ":0.18218560129527137,"RotQx":0.029216834408181036,"RotQy":0.09901210351235219,"RotQz":0.0990799454655722,"RotQw":-0.9897101314787898},"globalpose":{"TimeStamp":0,"PosX":-0.029277607798576467,"PosY":-0.7112202644348145,"PosZ":-0.2413932979106903,"RotQx":0.016881762267902849,"RotQy":0.2192939098237452,"RotQz":-0.10190910218928356,"RotQw":0.9701750986847267},"velo":[0.0,0.0,0.0],"acce":[-2.608516231163e-312,2.608516230925e-312,-2.608516230293e-312],"wvelo":[-1.2142e-319,2.60035776209e-312,-2.605378391847e-312],"wacce":[0.0,0.0,0.0],"Action":0},{"bone":5,"localpose":{"TimeStamp":0,"PosX":0.27225650121482339,"PosY":0.7581378221511841,"PosZ":-0.16477521031274304,"RotQx":-0.0144504979935522,"RotQy":-0.09993302699006303,"RotQz":0.016638124125050427,"RotQw":-0.9947500922593278},"globalpose":{"TimeStamp":0,"PosX":0.2875236868858335,"PosY":-1.0338141918182374,"PosZ":0.036995649337768558,"RotQx":-0.01637661283470622,"RotQy":0.022458113903750383,"RotQz":-0.014746206926676997,"RotQw":0.9995048719507194},"velo":[0.0,0.0,0.0],"acce":[-2.608516231163e-312,2.608516230925e-312,-2.608516230293e-312],"wvelo":[-1.2142e-319,2.60035776209e-312,-2.605378391847e-312],"wacce":[0.0,0.0,0.0],"Action":0},{"bone":6,"localpose":{"TimeStamp":0,"PosX":0.21903636198050834,"PosY":1.4416831731796265,"PosZ":-0.20433446800932135,"RotQx":0.09568709020495911,"RotQy":-0.026638014705543279,"RotQz":0.025305744427935298,"RotQw":-0.9947331382032085},"globalpose":{"TimeStamp":0,"PosX":0.24549742043018336,"PosY":-0.350268840789795,"PosZ":0.0882900059223175,"RotQx":0.09187451706401175,"RotQy":0.09520099266848126,"RotQz":-0.036816749546892017,"RotQw":0.9905253005663166},"velo":[0.0,0.0,0.0],"acce":[-2.608516231163e-312,2.608516230925e-312,-2.608516230293e-312],"wvelo":[-1.2142e-319,2.60035776209e-312,-2.605378391847e-312],"wacce":[0.0,0.0,0.0],"Action":0},{"bone":7,"localpose":{"TimeStamp":0,"PosX":-0.027946841928074747,"PosY":0.6860469579696655,"PosZ":0.16603009317966839,"RotQx":-0.04935890568674329,"RotQy":0.0554579291292701,"RotQz":0.02200773638982422,"RotQw":-0.9969973801696251},"globalpose":{"TimeStamp":0,"PosX":-0.08399833738803886,"PosY":-1.1059050559997559,"PosZ":-0.21104785799980164,"RotQx":-0.051679654926237206,"RotQy":0.17695770606517398,"RotQz":-0.015806811769039917,"RotQw":0.982733599828842},"velo":[0.0,0.0,0.0],"acce":[-0.3376036068832332,0.5525199202566069,0.14673647618067663],"wvelo":[0.05466690838266555,-0.06207838230652827,0.01323938731929324],"wacce":[0.0,0.0,0.0],"Action":5},{"bone":8,"localpose":{"TimeStamp":0,"PosX":0.23438296560700773,"PosY":0.3686026334762573,"PosZ":-0.20274362876520433,"RotQx":0.04542218605301763,"RotQy":-0.11836128942658021,"RotQz":0.01035178364066592,"RotQw":-0.9918771449906987},"globalpose":{"TimeStamp":0,"PosX":0.25999891757965068,"PosY":-1.423349380493164,"PosZ":0.08302164822816849,"RotQx":0.04381545550910147,"RotQy":0.003816837838985284,"RotQz":-0.015828463883398704,"RotQw":0.998906951291527},"velo":[0.0,0.0,0.0],"acce":[-0.4014728359018948,-0.028854129601471554,-0.05634514217302323],"wvelo":[-0.02771535242092626,-0.039154768333601149,-0.028473323576331513],"wacce":[0.0,0.0,0.0],"Action":5},{"bone":9,"localpose":{"TimeStamp":0,"PosX":0.22365811019389865,"PosY":1.4932684898376465,"PosZ":-0.21183950392098903,"RotQx":0.0816754701341688,"RotQy":-0.01781411819348118,"RotQz":0.0137417810300125,"RotQw":-0.9964050071258547},"globalpose":{"TimeStamp":0,"PosX":0.25180265307426449,"PosY":-0.29868352413177498,"PosZ":0.0944487527012825,"RotQx":0.07938212842380317,"RotQy":0.10416310948236027,"RotQz":-0.023626185778096555,"RotQw":0.9911056087296911},"velo":[0.0,0.0,0.0],"acce":[-0.4014728359018948,-0.028854129601471554,-0.05634514217302323],"wvelo":[-0.02771535242092626,-0.039154768333601149,-0.028473323576331513],"wacce":[0.0,0.0,0.0],"Action":0},{"bone":10,"localpose":{"TimeStamp":0,"PosX":-0.08092072195134315,"PosY":0.6211596727371216,"PosZ":0.2687052846186967,"RotQx":-0.04935890614519,"RotQy":0.05545792913253578,"RotQz":0.022007732693787118,"RotQw":-0.9969973802283334},"globalpose":{"TimeStamp":0,"PosX":-0.16031040251255058,"PosY":-1.1707923412322999,"PosZ":-0.29779401421546938,"RotQx":-0.05167965492928035,"RotQy":0.17695770607559417,"RotQz":-0.01580680804468032,"RotQw":0.9827335998867104},"velo":[0.0,0.0,0.0],"acce":[-0.40147283590189478,-0.02885412960147136,-0.05634514217302319],"wvelo":[-0.02771535242092628,-0.039154768333601128,-0.028473323576331513],"wacce":[0.0,0.0,0.0],"Action":515},{"bone":11,"localpose":{"TimeStamp":0,"PosX":0.2940044345455294,"PosY":0.3206018209457395,"PosZ":-0.08742209002869042,"RotQx":0.04542218726495338,"RotQy":-0.11836128964524309,"RotQz":0.01035178441545727,"RotQw":-0.9918771449010196},"globalpose":{"TimeStamp":0,"PosX":0.28984522819519045,"PosY":-1.4713501930236819,"PosZ":-0.04332301765680313,"RotQx":0.04381545661719804,"RotQy":0.003816837610997173,"RotQz":-0.01582846480057476,"RotQw":0.9989069512292599},"velo":[0.0,0.0,0.0],"acce":[-0.40147283590189478,-0.028854129601471366,-0.05634514217302323],"wvelo":[-0.027715352420926276,-0.039154768333601128,-0.028473323576331513],"wacce":[0.0,0.0,0.0],"Action":999},{"bone":12,"localpose":{"TimeStamp":0,"PosX":0.23977541682448764,"PosY":1.6823683083057404,