{"trackingdata":[{"bone":0,"localpose":{"TimeStamp":0,"PosX":0.0028455431751331177,"PosY":1.2007414102554322,"PosZ":-0.22566037377117283,"RotQx":0.051678216355338747,"RotQy":0.01736507967208488,"RotQz":-0.041648235160498047,"RotQw":-0.9976438445007962},"globalpose":{"TimeStamp":0,"PosX":0.04094853252172459,"PosY":-0.5912106037139893,"PosZ":0.16145431995391847,"RotQx":0.056383261706776547,"RotQy":0.13922978539331663,"RotQz":0.035016301017647358,"RotQw":0.98803332601774},"velo":[0.0,0.0,0.0],"acce":[-2.608516231163e-312,2.608516230925e-312,-2.608516230293e-312],"wvelo":[-1.2142e-319,2.60035776209e-312,-2.605378391847e-312],"wacce":[0.0,0.0,0.0],"Action":0},{"bone":1,"localpose":{"TimeStamp":0,"PosX":-0.04465408451846678,"PosY":1.1184226870536805,"PosZ":-0.23566407605716378,"RotQx":0.06176870591534791,"RotQy":-0.006569048067304474,"RotQz":-0.02557413616901509,"RotQw":-0.9977411679069084},"globalpose":{"TimeStamp":0,"PosX":-0.0027023479342461744,"PosY":-0.673529326915741,"PosZ":0.18268847465515138,"RotQx":0.06443243335636265,"RotQy":0.11548717817438924,"RotQz":0.017828937237702903,"RotQw":0.991056659432784},"velo":[0.0,0.0,0.0],"acce":[-2.608516231163e-312,2.608516230925e-312,-2.608516230293e-312],"wvelo":[-1.2142e-319,2.60035776209e-312,-2.605378391847e-312],"wacce":[0.0,0.0,0.0],"Action":0},{"bone":2,"localpose":{"TimeStamp":0,"PosX":0.066176204377968,"PosY":1.1206143498420716,"PosZ":-0.22768096158433183,"RotQx":0.6038343939897585,"RotQy":0.012170692419987042,"RotQz":-0.04630077317364789,"RotQw":-0.7956708724620764},"globalpose":{"TimeStamp":0,"PosX":0.10287566483020772,"PosY":-0.6713376641273499,"PosZ":0.14804217219352723,"RotQx":0.6049645754003983,"RotQy":0.1093764906034225,"RotQz":-0.02788547062669322,"RotQw":0.7882112954924099},"velo":[0.0,0.0,0.0],"acce":[-2.608516231163e-312,2.608516230925e-312,-2.608516230293e-312],"wvelo":[-1.2142e-319,2.60035776209e-312,-2.605378391847e-312],"wacce":[0.0,0.0,0.0],"Action":0},{"bone":3,"localpose":{"TimeStamp":0,"PosX":-0.00930860203410509,"PosY":1.311676412820816,"PosZ":-0.2734716683103495,"RotQx":0.02971834510681649,"RotQy":0.016165959053163347,"RotQz":-0.027641586027459847,"RotQw":-0.999045256459331},"globalpose":{"TimeStamp":0,"PosX":0.040763150900602288,"PosY":-0.48027560114860537,"PosZ":0.21078594028949738,"RotQx":0.03287541657930028,"RotQy":0.13821103292876434,"RotQz":0.023800090309466786,"RotQw":0.9895708529775736},"velo":[1698955576702.344,0.9999500513076782,-0.9637603759765625],"acce":[1698955576697.1301,0.9999500513076782,-0.9637603759765625],"wvelo":[1698955576689.743,0.9999223947525024,-0.9716137647628784],"wacce":[1698955576686.365,0.9999223947525024,-0.9716137647628784],"Action":0},{"bone":4,"localpose":{"TimeStamp":0,"PosX":-0.06634621765085235,"PosY":0.7619552612304688,"PosZ":-0.18329688642876958,"RotQx":-0.036286869507910639,"RotQy":-0.03641569958531518,"RotQz":-0.021164838920739408,"RotQw":-0.9984534087870537},"globalpose":{"TimeStamp":0,"PosX":-0.03645688295364402,"PosY":-1.0299967527389527,"PosZ":0.1371527463197708,"RotQx":-0.03342644277941207,"RotQy":0.0859516131980867,"RotQz":0.025443274717293578,"RotQw":0.9954132975218996},"velo":[0.0,0.0,0.0],"acce":[-2.608516231163e-312,2.608516230925e-312,-2.608516230293e-312],"wvelo":[-1.2142e-319,2.60035776209e-312,-2.605378391847e-312],"wacce":[0.0,0.0,0.0],"Action":0},{"bone":5,"localpose":{"TimeStamp":0,"PosX":0.12773868344833126,"PosY":1.0261648297309876,"PosZ":0.11364766407817439,"RotQx":0.015580661231643343,"RotQy":-0.019996027050221213,"RotQz":-0.07872657890096209,"RotQw":-0.9965738947375363},"globalpose":{"TimeStamp":0,"PosX":0.0797460377216338,"PosY":-0.765787184238434,"PosZ":-0.19802168011665345,"RotQx":0.02509066596183043,"RotQy":0.10201822740183224,"RotQz":0.07623050381216491,"RotQw":0.991540039558627},"velo":[0.0,0.0,0.0],"acce":[-2.608516231163e-312,2.608516230925e-312,-2.608516230293e-312],"wvelo":[-1.2142e-319,2.60035776209e-312,-2.605378391847e-312],"wacce":[0.0,0.0,0.0],"Action":0},{"bone":6,"localpose":{"TimeStamp":0,"PosX":-0.02130954415145151,"PosY":1.4410559833049775,"PosZ":-0.2564101793767069,"RotQx":0.07067058602010251,"RotQy":0.019439802537836918,"RotQz":-0.020265308222464783,"RotQw":-0.9971043474138069},"globalpose":{"TimeStamp":0,"PosX":0.02497976273298258,"PosY":-0.35089603066444399,"PosZ":0.1971476972103119,"RotQx":0.07261832695339632,"RotQy":0.14122296659435949,"RotQz":0.011471400797890497,"RotQw":0.9872441740828418},"velo":[0.0,0.0,0.0],"acce":[-2.608516231163e-312,2.608516230925e-312,-2.608516230293e-312],"wvelo":[-1.2142e-319,2.60035776209e-312,-2.605378391847e-312],"wacce":[0.0,0.0,0.0],"Action":0},{"bone":7,"localpose":{"TimeStamp":0,"PosX":-0.03943732380306342,"PosY":0.3686026334762573,"PosZ":-0.24841894304433208,"RotQx":0.029747177699403675,"RotQy":-0.002224446173956909,"RotQz":0.010175913870477683,"RotQw":-0.9995031806027632},"globalpose":{"TimeStamp":0,"PosX":0.005454398691653983,"PosY":-1.423349380493164,"PosZ":0.19379562139511109,"RotQx":0.028279589993320164,"RotQy":0.12001463939426807,"RotQz":-0.013737124662351497,"RotQw":0.9922741770936523},"velo":[0.0,0.0,0.0],"acce":[0.4009912471414824,0.16021904464911655,-0.10845317249995898],"wvelo":[-0.02068228204786535,0.03802383560259421,0.018520716478679625],"wacce":[0.0,0.0,0.0],"Action":5},{"bone":8,"localpose":{"TimeStamp":0,"PosX":0.17068167781077024,"PosY":0.6358450651168823,"PosZ":0.09315358214636446,"RotQx":-0.09122736466887684,"RotQy":-0.009807904329526912,"RotQz":-0.0021009868542827706,"RotQw":-0.9957795734008973},"globalpose":{"TimeStamp":0,"PosX":0.1263793110847471,"PosY":-1.156106948852539,"PosZ":-0.18856409192085267,"RotQx":-0.09028581134663294,"RotQy":0.11203275875613832,"RotQz":0.013240788483708688,"RotQw":0.9895058437196311},"velo":[0.0,0.0,0.0],"acce":[-0.2660112533310202,0.284446111955911,0.16472439036356863],"wvelo":[-0.09509560588366122,0.014271685564828925,0.02012440291405916],"wacce":[0.0,0.0,0.0],"Action":5},{"bone":9,"localpose":{"TimeStamp":0,"PosX":-0.021280036596777565,"PosY":1.4931780397891999,"PosZ":-0.26110304910824846,"RotQx":0.05892384418003124,"RotQy":0.01946939428724477,"RotQz":-0.012773387716939984,"RotQw":-0.9979908636051575},"globalpose":{"TimeStamp":0,"PosX":0.02614749222993845,"PosY":-0.29877397418022158,"PosZ":0.20169305801391602,"RotQx":0.060043605810696138,"RotQy":0.1413607422526121,"RotQz":0.005472133767518095,"RotQw":0.9881204186247093},"velo":[0.0,0.0,0.0],"acce":[-0.2660112533310202,0.284446111955911,0.1647243903635686],"wvelo":[-0.09509560588366122,0.014271685564828925,0.020124402914059156],"wacce":[0.0,0.0,0.0],"Action":0},{"bone":10,"localpose":{"TimeStamp":0,"PosX":-0.07825278656155069,"PosY":0.3200688362121582,"PosZ":-0.13138633348044924,"RotQx":0.02974718136700329,"RotQy":-0.0022244387770680165,"RotQz":0.010175913404766453,"RotQw":-0.9995031805148118},"globalpose":{"TimeStamp":0,"PosX":-0.060607664287090527,"PosY":-1.4718831777572632,"PosZ":0.08968473970890045,"RotQx":0.02827959369034401,"RotQy":0.1200146467248902,"RotQz":-0.01373712464862092,"RotQw":0.9922741761018459},"velo":[0.0,0.0,0.0],"acce":[-0.2660112533310204,0.28444611195591099,0.1647243903635686],"wvelo":[-0.09509560588366124,0.014271685564828886,0.02012440291405915],"wacce":[0.0,0.0,0.0],"Action":999},{"bone":11,"localpose":{"TimeStamp":0,"PosX":0.2057038663345279,"PosY":0.55705726146698,"PosZ":0.2014300154316449,"RotQx":-0.09122735707052154,"RotQy":-0.009807889530540806,"RotQz":-0.002100986838961807,"RotQw":-0.9957795742428075},"globalpose":{"TimeStamp":0,"PosX":0.13407208025455454,"PosY":-1.2348947525024415,"PosZ":-0.30210334062576296,"RotQx":-0.09028580380717485,"RotQy":0.11203277354701323,"RotQz":0.013240787539351928,"RotQw":0.9895058427455564},"velo":[0.0,0.0,0.0],"acce":[-0.2660112533310202,0.284446111955911,0.16472439036356863],"wvelo":[-0.09509560588366122,0.014271685564828925,0.02012440291405916],"wacce":[0.0,0.0,0.0],"Action":963},{"bone":12,"localpose":{"TimeStamp":0,"PosX":-0.01213104154156893,"PosY":1.6856834888458253,