{"trackingdata":[{"bone":0,"localpose":{"TimeStamp":0,"PosX":0.09428878128566,"PosY":1.2272275686264039,"PosZ":-0.2265371672323218,"RotQx":-0.1112954657141415,"RotQy":-0.04436470827463325,"RotQz":0.15718038831250426,"RotQw":-0.9802751743776386},"globalpose":{"TimeStamp":0,"PosX":0.12986986339092244,"PosY":-0.5647244453430176,"PosZ":0.14010879397392274,"RotQx":-0.1296807338101526,"RotQy":0.0758393681247693,"RotQz":-0.14239123019714948,"RotQw":0.9783435158899141},"velo":[0.0,0.0,0.0],"acce":[-2.608516231163e-312,2.608516230925e-312,-2.608516230293e-312],"wvelo":[-1.2142e-319,2.600357779796e-312,-2.605378391847e-312],"wacce":[0.0,0.0,0.0],"Action":0},{"bone":1,"localpose":{"TimeStamp":0,"PosX":0.017358621486022048,"PosY":1.1763386130332947,"PosZ":-0.2515317333501419,"RotQx":0.050735096777673339,"RotQy":-0.020043993083258397,"RotQz":0.32155383768262749,"RotQw":-0.9453186329316762},"globalpose":{"TimeStamp":0,"PosX":0.061307355761527907,"PosY":-0.6156134009361267,"PosZ":0.1830291897058487,"RotQx":0.011033728514452448,"RotQy":0.09570296676573068,"RotQz":-0.32534470551790875,"RotQw":0.9406753008231757},"velo":[0.0,0.0,0.0],"acce":[-2.608516231163e-312,2.608516230925e-312,-2.608516230293e-312],"wvelo":[-1.2142e-319,2.600357779796e-312,-2.605378391847e-312],"wacce":[0.0,0.0,0.0],"Action":0},{"bone":2,"localpose":{"TimeStamp":0,"PosX":0.12001385854946585,"PosY":1.1352905631065369,"PosZ":-0.26288278077628549,"RotQx":-0.020372752526074929,"RotQy":-0.08808488218557346,"RotQz":0.027383339518698588,"RotQw":-0.9955280795646443},"globalpose":{"TimeStamp":0,"PosX":0.1636478006839751,"PosY":-0.6566614508628845,"PosZ":0.16912317276000977,"RotQx":-0.023568381085963379,"RotQy":0.03431247614516554,"RotQz":-0.024686590320897207,"RotQw":0.9988281922593607},"velo":[0.0,0.0,0.0],"acce":[-2.608516231163e-312,2.608516230925e-312,-2.608516230293e-312],"wvelo":[-1.2142e-319,2.600357779796e-312,-2.605378391847e-312],"wacce":[0.0,0.0,0.0],"Action":0},{"bone":3,"localpose":{"TimeStamp":0,"PosX":0.12538645865590015,"PosY":1.3441104590892792,"PosZ":-0.23709849463113984,"RotQx":-0.09757299648408896,"RotQy":-0.0453276606942634,"RotQz":0.12247644622004747,"RotQw":-0.9866227413020691},"globalpose":{"TimeStamp":0,"PosX":0.16260108351707448,"PosY":-0.4478415548801422,"PosZ":0.14280590415000916,"RotQx":-0.11181754104372004,"RotQy":0.07565984285902197,"RotQz":-0.10962575900084887,"RotQw":0.9847611987974404},"velo":[1698955588383.624,0.0038649330381304027,-0.9969944953918457],"acce":[1698955588377.336,0.0038649330381304027,-0.9969944953918457],"wvelo":[1698955588371.1602,0.0038649330381304027,-0.9969944953918457],"wacce":[1698955588364.684,0.0038649330381304027,-0.9975115060806274],"Action":0},{"bone":4,"localpose":{"TimeStamp":0,"PosX":-0.23244623167245724,"PosY":0.9178104400634766,"PosZ":-0.2046791936226803,"RotQx":-0.1732248308107303,"RotQy":0.02742632600942209,"RotQz":0.3538834144579546,"RotQw":-0.9186987991740266},"globalpose":{"TimeStamp":0,"PosX":-0.1923993080854417,"PosY":-0.8741415739059448,"PosZ":0.19821318984031678,"RotQx":-0.21519879938969428,"RotQy":0.13956187627973097,"RotQz":-0.3300451329425428,"RotQw":0.9084504222308747},"velo":[0.0,0.0,0.0],"acce":[-2.608516231163e-312,2.608516230925e-312,-2.608516230293e-312],"wvelo":[-1.2142e-319,2.600357779796e-312,-2.605378391847e-312],"wacce":[0.0,0.0,0.0],"Action":0},{"bone":5,"localpose":{"TimeStamp":0,"PosX":0.13807622278055757,"PosY":0.7766755819320679,"PosZ":-0.2872186197464532,"RotQx":-0.041604676415459198,"RotQy":-0.0424176619604653,"RotQz":0.040767050013866368,"RotQw":-0.9974005416518179},"globalpose":{"TimeStamp":0,"PosX":0.1870770454406736,"PosY":-1.0152764320373536,"PosZ":0.18834692239761353,"RotQx":-0.04627756701773545,"RotQy":0.0798659461119314,"RotQz":-0.03537355307835433,"RotQw":0.9951022707165219},"velo":[0.0,0.0,0.0],"acce":[-2.608516231163e-312,2.608516230925e-312,-2.608516230293e-312],"wvelo":[-1.2142e-319,2.600357779796e-312,-2.605378391847e-312],"wacce":[0.0,0.0,0.0],"Action":0},{"bone":6,"localpose":{"TimeStamp":0,"PosX":0.15519534539479919,"PosY":1.4622647762298585,"PosZ":-0.18887842598102148,"RotQx":-0.03952061080372783,"RotQy":-0.04689698768354798,"RotQz":0.10242530803090049,"RotQw":-0.9928483520370492},"globalpose":{"TimeStamp":0,"PosX":0.17981399595737453,"PosY":-0.329687237739563,"PosZ":0.08879238367080689,"RotQx":-0.05174890744827973,"RotQy":0.07486358052339222,"RotQz":-0.09682392773190912,"RotQw":0.9911319901545369},"velo":[0.0,0.0,0.0],"acce":[-2.608516231163e-312,2.608516230925e-312,-2.608516230293e-312],"wvelo":[-1.2142e-319,2.600357779796e-312,-2.605378391847e-312],"wacce":[0.0,0.0,0.0],"Action":0},{"bone":7,"localpose":{"TimeStamp":0,"PosX":-0.4710115926315649,"PosY":0.6448167562484741,"PosZ":-0.3727633759427797,"RotQx":-0.21723441837358965,"RotQy":0.0425197672786541,"RotQz":0.2563781079808096,"RotQw":-0.9408886983127377},"globalpose":{"TimeStamp":0,"PosX":-0.3830308318138125,"PosY":-1.1471352577209473,"PosZ":0.419177770614624,"RotQx":-0.2469548507892438,"RotQy":0.15725549577039683,"RotQz":-0.22788994811003356,"RotQw":0.9286281183940509},"velo":[0.0,0.0,0.0],"acce":[0.6054053200345364,0.3634161638563391,0.3939594757051286],"wvelo":[0.3273792633837065,0.06433815771041619,-0.2793442400244301],"wacce":[0.0,0.0,0.0],"Action":0},{"bone":8,"localpose":{"TimeStamp":0,"PosX":0.08460477203906086,"PosY":0.39201343059539797,"PosZ":-0.3487764772265894,"RotQx":-0.01891507663903964,"RotQy":-0.07453503608151825,"RotQz":0.03397427884388619,"RotQw":-0.9964599824624689},"globalpose":{"TimeStamp":0,"PosX":0.15014672279357889,"PosY":-1.3999385833740235,"PosZ":0.261042982339859,"RotQx":-0.02292760546832715,"RotQy":0.04787459013565484,"RotQz":-0.031406315522703568,"RotQw":0.9980961836777658},"velo":[0.0,0.0,0.0],"acce":[-0.630776521994196,0.05527000762720807,-0.2377573234757035],"wvelo":[-0.0021712162990046967,-0.005777777880297691,-0.022480969436299716],"wacce":[0.0,0.0,0.0],"Action":5},{"bone":9,"localpose":{"TimeStamp":0,"PosX":0.16829353546975604,"PosY":1.5125726461410523,"PosZ":-0.18285463831103153,"RotQx":-0.03262603955198287,"RotQy":-0.043838252942198129,"RotQz":0.08565606810447792,"RotQw":-0.9948250032638952},"globalpose":{"TimeStamp":0,"PosX":0.1910583078861236,"PosY":-0.27937936782836916,"PosZ":0.07976941019296646,"RotQx":-0.04285548280489377,"RotQy":0.07814107136989142,"RotQz":-0.08102362651428265,"RotQw":0.9927197754176146},"velo":[0.0,0.0,0.0],"acce":[-0.6307765219941959,0.05527000762720834,-0.2377573234757035],"wvelo":[-0.0021712162990046985,-0.0057777778802976889,-0.022480969436299716],"wacce":[0.0,0.0,0.0],"Action":0},{"bone":10,"localpose":{"TimeStamp":0,"PosX":-0.551946132862696,"PosY":0.5764685869216919,"PosZ":-0.29315863514534626,"RotQx":-0.2172344199153541,"RotQy":0.0425197968024342,"RotQz":0.256378092860557,"RotQw":-0.9408887007426028},"globalpose":{"TimeStamp":0,"PosX":-0.4808674454689028,"PosY":-1.2154834270477296,"PosZ":0.36159902811050417,"RotQx":-0.24695485047048569,"RotQy":0.15725552536974006,"RotQz":-0.2278899329147228,"RotQw":0.9286281171954198},"velo":[0.0,0.0,0.0],"acce":[-0.630776521994196,0.055270007627208097,-0.2377573234757034],"wvelo":[-0.0021712162990047,-0.005777777880297689,-0.022480969436299716],"wacce":[0.0,0.0,0.0],"Action":3},{"bone":11,"localpose":{"TimeStamp":0,"PosX":0.13044384317047268,"PosY":0.32700479030609155,"PosZ":-0.2355046195163668,"RotQx":-0.018915082901820303,"RotQy":-0.07453503521262695,"RotQz":0.0339742777219343,"RotQw":-0.996459982446833},"globalpose":{"TimeStamp":0,"PosX":0.16712033748626665,"PosY":-1.4649472236633299,"PosZ":0.1400321125984192,"RotQx":-0.02292761154691144,"RotQy":0.04787459099611333,"RotQz":-0.03140631364333912,"RotQw":0.9980961835559963},"velo":[0.0,0.0,0.0],"acce":[-0.630776521994196,0.05527000762720835,-0.23775732347570353],"wvelo":[-0.002171216299004698,-0.005777777880297689,-0.022480969436299716],"wacce":[0.0,0.0,0.0],"Action":996},{"bone":12,"localpose":{"TimeStamp":0,"PosX":0.21217581805910316,"PosY":1.7066718935966492,