{"trackingdata":[{"bone":0,"localpose":{"TimeStamp":0,"PosX":-0.05464223564732636,"PosY":1.2205018997192383,"PosZ":-0.11522693257383582,"RotQx":-0.08663721846910703,"RotQy":-0.035007090444856638,"RotQz":-0.18860649243617975,"RotQw":-0.9775970985050247},"globalpose":{"TimeStamp":0,"PosX":-0.041625604033470268,"PosY":-0.5714501142501831,"PosZ":0.06827759742736817,"RotQx":-0.06292363336727977,"RotQy":0.08479927588723006,"RotQz":0.19778532042849562,"RotQw":0.9745412593604538},"velo":[0.0,0.0,0.0],"acce":[-2.608516231163e-312,2.608516230925e-312,-2.608516230293e-312],"wvelo":[-1.2142e-319,2.60035776209e-312,-2.605378391847e-312],"wacce":[0.0,0.0,0.0],"Action":0},{"bone":1,"localpose":{"TimeStamp":0,"PosX":-0.07907351655645753,"PosY":1.1325297355651856,"PosZ":-0.14345237918561289,"RotQx":-0.02097723167038164,"RotQy":0.0393561688442518,"RotQz":-0.034176233482554909,"RotQw":-0.9984202686195307},"globalpose":{"TimeStamp":0,"PosX":-0.05847504734992992,"PosY":-0.6594222784042358,"PosZ":0.1015891507267952,"RotQx":-0.01664062562010435,"RotQy":0.16115078064727113,"RotQz":0.036484911437174919,"RotQw":0.9861147837413089},"velo":[0.0,0.0,0.0],"acce":[-2.608516231163e-312,2.608516230925e-312,-2.608516230293e-312],"wvelo":[-1.2142e-319,2.60035776209e-312,-2.605378391847e-312],"wacce":[0.0,0.0,0.0],"Action":0},{"bone":2,"localpose":{"TimeStamp":0,"PosX":0.026750377304100516,"PosY":1.1664511561393738,"PosZ":-0.1450423188772455,"RotQx":0.07491257511332378,"RotQy":-0.05024380145240159,"RotQz":-0.34020620064715798,"RotQw":-0.9360146406690059},"globalpose":{"TimeStamp":0,"PosX":0.04456996917724598,"PosY":-0.6255008578300476,"PosZ":0.07744481414556503,"RotQx":0.1159518593211559,"RotQy":0.06459207880734452,"RotQz":0.3284924948744652,"RotQw":0.9351340601680928},"velo":[0.0,0.0,0.0],"acce":[-2.608516231163e-312,2.608516230925e-312,-2.608516230293e-312],"wvelo":[-1.2142e-319,2.60035776209e-312,-2.605378391847e-312],"wacce":[0.0,0.0,0.0],"Action":0},{"bone":3,"localpose":{"TimeStamp":0,"PosX":-0.10414596458860087,"PosY":1.3304941356182099,"PosZ":-0.12905820314280998,"RotQx":-0.08222055780064441,"RotQy":-0.03045465991275348,"RotQz":-0.15796352475834514,"RotQw":-0.983544517757315},"globalpose":{"TimeStamp":0,"PosX":-0.08629158139228832,"PosY":-0.4614578783512115,"PosZ":0.09371130913496018,"RotQx":-0.06228723704625372,"RotQy":0.0900448107189979,"RotQz":0.16683223723331537,"RotQw":0.979887359232402},"velo":[1698955585653.799,0.9679186344146729,-0.0038649330381304027],"acce":[1698955585646.632,0.9679186344146729,-0.0038649330381304027],"wvelo":[1698955585644.065,0.9614913463592529,-0.0038649330381304027],"wacce":[1698955585636.469,0.9614913463592529,-0.0038649330381304027],"Action":0},{"bone":4,"localpose":{"TimeStamp":0,"PosX":-0.09475253686689762,"PosY":0.7704654932022095,"PosZ":-0.15335113675404683,"RotQx":-0.038670714482271408,"RotQy":-0.018507374827070878,"RotQz":-0.03073390933929379,"RotQw":-0.9986077707163935},"globalpose":{"TimeStamp":0,"PosX":-0.07128243148326896,"PosY":-1.021486520767212,"PosZ":0.11499765515327454,"RotQx":-0.0346222615879555,"RotQy":0.10374441642054404,"RotQz":0.035232035768324069,"RotQw":0.9933766147437313},"velo":[0.0,0.0,0.0],"acce":[-2.608516231163e-312,2.608516230925e-312,-2.608516230293e-312],"wvelo":[-1.2142e-319,2.60035776209e-312,-2.605378391847e-312],"wacce":[0.0,0.0,0.0],"Action":0},{"bone":5,"localpose":{"TimeStamp":0,"PosX":0.2877741113420808,"PosY":0.9202276468276978,"PosZ":-0.11740539000627154,"RotQx":-0.14955566903422366,"RotQy":-0.0878072255287701,"RotQz":-0.35939165896686189,"RotQw":-0.9169300019465567},"globalpose":{"TimeStamp":0,"PosX":0.2910791039466857,"PosY":-0.8717243671417236,"PosZ":-0.012724116444587708,"RotQx":-0.10448574988585954,"RotQy":0.02497682899216984,"RotQz":0.374982653926841,"RotQw":0.9207860203859899},"velo":[0.0,0.0,0.0],"acce":[-2.608516231163e-312,2.608516230925e-312,-2.608516230293e-312],"wvelo":[-1.2142e-319,2.60035776209e-312,-2.605378391847e-312],"wacce":[0.0,0.0,0.0],"Action":0},{"bone":6,"localpose":{"TimeStamp":0,"PosX":-0.1452742938485517,"PosY":1.4457922577857972,"PosZ":-0.0822714841233877,"RotQx":-0.030094408673905016,"RotQy":-0.017491013970061629,"RotQz":-0.14460379585929793,"RotQw":-0.9888772083630757},"globalpose":{"TimeStamp":0,"PosX":-0.1375464946031571,"PosY":-0.34615975618362429,"PosZ":0.05830692499876022,"RotQx":-0.012185950996085916,"RotQy":0.10356326598878626,"RotQz":0.14719862026755044,"RotQw":0.9835947939712707},"velo":[0.0,0.0,0.0],"acce":[-2.608516231163e-312,2.608516230925e-312,-2.608516230293e-312],"wvelo":[-1.2142e-319,2.60035776209e-312,-2.605378391847e-312],"wacce":[0.0,0.0,0.0],"Action":0},{"bone":7,"localpose":{"TimeStamp":0,"PosX":-0.05852421476745238,"PosY":0.3780776262283325,"PosZ":-0.2197628463076613,"RotQx":-0.003780799616067052,"RotQy":-0.030967284899228316,"RotQz":-0.018281929509468589,"RotQw":-0.9993460381037412},"globalpose":{"TimeStamp":0,"PosX":-0.020017392933368906,"PosY":-1.4138743877410889,"PosZ":0.17062950134277345,"RotQx":-0.0015168538573501686,"RotQy":0.09146829244474533,"RotQz":0.018607056368525167,"RotQw":0.995632978604524},"velo":[0.0,0.0,0.0],"acce":[-0.04236485923639101,-0.04460198390635826,-0.10422953107397555],"wvelo":[0.04900192537330073,-0.35070151979274918,-0.0684035781367218],"wacce":[0.0,0.0,0.0],"Action":5},{"bone":8,"localpose":{"TimeStamp":0,"PosX":0.5139618922447217,"PosY":0.6420153379440308,"PosZ":-0.2788074292477638,"RotQx":-0.24309017779438603,"RotQy":-0.1055208822911177,"RotQz":-0.2798320431336038,"RotQw":-0.9227494440508055},"globalpose":{"TimeStamp":0,"PosX":0.5496796965599058,"PosY":-1.1499366760253907,"PosZ":0.08894822001457215,"RotQx":-0.2070471060599477,"RotQy":0.008107728372778123,"RotQz":0.30745780649811796,"RotQw":0.9287278707114373},"velo":[0.0,0.0,0.0],"acce":[-0.3232784620026975,0.0581244527805419,-0.43149712766614636],"wvelo":[0.06818911518976961,-0.023541062263807808,0.0532992095953807],"wacce":[0.0,0.0,0.0],"Action":0},{"bone":9,"localpose":{"TimeStamp":0,"PosX":-0.1580182350671546,"PosY":1.4961971640586854,"PosZ":-0.07629922874888692,"RotQx":-0.029025613820435018,"RotQy":-0.014463578716878548,"RotQz":-0.12890679281217139,"RotQw":-0.991126307490588},"globalpose":{"TimeStamp":0,"PosX":-0.15135896205902106,"PosY":-0.2957548499107361,"PosZ":0.055606625974178317,"RotQx":-0.013044656063475734,"RotQy":0.10684300802772678,"RotQz":0.13148872361901887,"RotQw":0.9854568098830177},"velo":[0.0,0.0,0.0],"acce":[-0.32327846200269758,0.05812445278054192,-0.4314971276661463],"wvelo":[0.06818911518976961,-0.023541062263807808,0.053299209595380699],"wacce":[0.0,0.0,0.0],"Action":0},{"bone":10,"localpose":{"TimeStamp":0,"PosX":-0.08759244809972447,"PosY":0.31979215145111086,"PosZ":-0.10436516573877144,"RotQx":-0.0037807991539030828,"RotQy":-0.03096728489925024,"RotQz":-0.018281929566423929,"RotQw":-0.9993460381044471},"globalpose":{"TimeStamp":0,"PosX":-0.07622688263654731,"PosY":-1.4721598625183106,"PosZ":0.06573870033025742,"RotQx":-0.001516853391689943,"RotQy":0.0914682924448099,"RotQz":0.01860705636853821,"RotQw":0.9956329786052274},"velo":[0.0,0.0,0.0],"acce":[-0.3232784620026974,0.058124452780542037,-0.43149712766614636],"wvelo":[0.0681891151897696,-0.023541062263807829,0.05329920959538071],"wacce":[0.0,0.0,0.0],"Action":967},{"bone":11,"localpose":{"TimeStamp":0,"PosX":0.6077255389109882,"PosY":0.5711559057235718,"PosZ":-0.205696909795191,"RotQx":-0.24309016373485516,"RotQy":-0.10552087244024494,"RotQz":-0.27983204579587159,"RotQw":-0.9227494480738032},"globalpose":{"TimeStamp":0,"PosX":0.6228930354118345,"PosY":-1.2207961082458497,"PosZ":-0.0047351643443107609,"RotQx":-0.20704709178037948,"RotQy":0.008107738641667403,"RotQz":0.3074578074211623,"RotQw":0.9287278734996475},"velo":[0.0,0.0,0.0],"acce":[-0.32327846200269735,0.05812445278054205,-0.4314971276661464],"wvelo":[0.06818911518976959,-0.023541062263807829,0.05329920959538071],"wacce":[0.0,0.0,0.0],"Action":3},{"bone":12,"localpose":{"TimeStamp":0,"PosX":-0.19732194629518166,