{"trackingdata":[{"bone":0,"localpose":{"TimeStamp":0,"PosX":0.13662936701669849,"PosY":0.7071741819381714,"PosZ":-0.04736887223847011,"RotQx":-0.08771273594744143,"RotQy":0.02758010915430814,"RotQz":-0.06195362496295522,"RotQw":-0.9938347759490008},"globalpose":{"TimeStamp":0,"PosX":0.12745451927185037,"PosY":-1.08477783203125,"PosZ":-0.043978601694107059,"RotQx":-0.07947859023203435,"RotQy":0.1489023688120281,"RotQz":0.0722144679975174,"RotQw":0.983003717627116},"velo":[0.0,0.0,0.0],"acce":[-2.608516231163e-312,2.608516230925e-312,-2.608516230293e-312],"wvelo":[-1.2142e-319,2.600357779796e-312,-2.605378391847e-312],"wacce":[0.0,0.0,0.0],"Action":0},{"bone":1,"localpose":{"TimeStamp":0,"PosX":0.09307126867666026,"PosY":0.6287245750427246,"PosZ":-0.08024761339237241,"RotQx":-0.05400700637941319,"RotQy":0.03900061216473449,"RotQz":-0.030093854175553264,"RotQw":-0.9973246991093575},"globalpose":{"TimeStamp":0,"PosX":0.09317976981401421,"PosY":-1.1632274389266968,"PosZ":-0.0015102475881576539,"RotQx":-0.049921726494094247,"RotQy":0.16066392264520175,"RotQz":0.0364721540501009,"RotQw":0.9850709147889056},"velo":[0.0,0.0,0.0],"acce":[-2.608516231163e-312,2.608516230925e-312,-2.608516230293e-312],"wvelo":[-1.2142e-319,2.600357779796e-312,-2.605378391847e-312],"wacce":[0.0,0.0,0.0],"Action":0},{"bone":2,"localpose":{"TimeStamp":0,"PosX":0.2036725770361032,"PosY":0.6336543560028076,"PosZ":-0.07050409357730656,"RotQx":0.6745046487871743,"RotQy":0.054849823086954397,"RotQz":0.012231261317870886,"RotQw":-0.7361286381593875},"globalpose":{"TimeStamp":0,"PosX":0.19810834527015665,"PosY":-1.1582976579666138,"PosZ":-0.037808727473020557,"RotQx":0.6679469867867819,"RotQy":0.14445431367889428,"RotQz":-0.09462001813249693,"RotQw":0.7238969721380414},"velo":[0.0,0.0,0.0],"acce":[-2.608516231163e-312,2.608516230925e-312,-2.608516230293e-312],"wvelo":[-1.2142e-319,2.600357779796e-312,-2.605378391847e-312],"wacce":[0.0,0.0,0.0],"Action":0},{"bone":3,"localpose":{"TimeStamp":0,"PosX":0.11926340089837985,"PosY":0.8263149857521057,"PosZ":-0.06299297181805713,"RotQx":-0.092150260224536,"RotQy":0.003191309482075383,"RotQz":-0.036917075144560589,"RotQw":-0.995055412852526},"globalpose":{"TimeStamp":0,"PosX":0.11440035700798013,"PosY":-0.9656370282173157,"PosZ":-0.024606505408883096,"RotQx":-0.08694436005855587,"RotQy":0.12484586416335213,"RotQz":0.04790844550480666,"RotQw":0.9871975330725999},"velo":[1698955594133.591,0.9973498582839966,-0.9999734163284302],"acce":[1698955594127.538,0.9973498582839966,-0.9999734163284302],"wvelo":[1698955594124.653,0.9973498582839966,-0.9999734163284302],"wacce":[1698955594116.174,0.9947092533111572,-0.9999586343765259],"Action":0},{"bone":4,"localpose":{"TimeStamp":0,"PosX":0.07535092874574116,"PosY":0.41154956817626955,"PosZ":-0.11406176401907807,"RotQx":-0.73426930964021,"RotQy":-0.008431821255975844,"RotQz":-0.07009645403503762,"RotQw":-0.6751769934191411},"globalpose":{"TimeStamp":0,"PosX":0.08419711887836434,"PosY":-1.3804024457931519,"PosZ":0.035593919456005099,"RotQx":-0.7201871914315271,"RotQy":0.0741942231251434,"RotQz":0.15935915802289364,"RotQw":0.671141032352411},"velo":[0.0,0.0,0.0],"acce":[-2.608516231163e-312,2.608516230925e-312,-2.608516230293e-312],"wvelo":[-1.2142e-319,2.600357779796e-312,-2.605378391847e-312],"wacce":[0.0,0.0,0.0],"Action":0},{"bone":5,"localpose":{"TimeStamp":0,"PosX":0.21112408828051794,"PosY":0.7426631450653076,"PosZ":0.2876696991243857,"RotQx":-0.11412848190900528,"RotQy":0.06041962949126216,"RotQz":-0.017571337804604797,"RotQw":-0.9914713339663638},"globalpose":{"TimeStamp":0,"PosX":0.11839716881513574,"PosY":-1.0492888689041138,"PosZ":-0.3870795667171478,"RotQx":-0.11112329840032186,"RotQy":0.18120642782941666,"RotQz":0.031395459030418858,"RotQw":0.9766422928678672},"velo":[0.0,0.0,0.0],"acce":[-2.608516231163e-312,2.608516230925e-312,-2.608516230293e-312],"wvelo":[-1.2142e-319,2.600357779796e-312,-2.605378391847e-312],"wacce":[0.0,0.0,0.0],"Action":0},{"bone":6,"localpose":{"TimeStamp":0,"PosX":0.10558095127591341,"PosY":0.9474622011184692,"PosZ":-0.01492710953216786,"RotQx":-0.04100568383409683,"RotQy":-0.004398818465022699,"RotQz":-0.025302995669494775,"RotQw":-0.9988287854780514},"globalpose":{"TimeStamp":0,"PosX":0.08946003019809712,"PosY":-0.8444898128509522,"PosZ":-0.06791374087333679,"RotQx":-0.0376038167918847,"RotQy":0.11777411805487047,"RotQz":0.030127407111046779,"RotQw":0.9918707322125425},"velo":[0.0,0.0,0.0],"acce":[-2.608516231163e-312,2.608516230925e-312,-2.608516230293e-312],"wvelo":[-1.2142e-319,2.600357779796e-312,-2.605378391847e-312],"wacce":[0.0,0.0,0.0],"Action":0},{"bone":7,"localpose":{"TimeStamp":0,"PosX":0.11774227445948768,"PosY":0.48263370990753176,"PosZ":-0.5050109703282413,"RotQx":-0.5618025095193584,"RotQy":-0.004844205899292547,"RotQz":-0.12135603747939297,"RotQw":-0.8183075131845343},"globalpose":{"TimeStamp":0,"PosX":0.22021614015102365,"PosY":-1.3093183040618897,"PosZ":0.4045615792274475,"RotQx":-0.5427465275036651,"RotQy":0.09525736434912979,"RotQz":0.18914426879411873,"RotQw":0.8127586892813319},"velo":[0.0,0.0,0.0],"acce":[0.07446232650794388,0.2939273701686257,-0.06076682427904094],"wvelo":[-0.03779830149361526,-0.051775314206810797,0.014301260696837454],"wacce":[0.0,0.0,0.0],"Action":1},{"bone":8,"localpose":{"TimeStamp":0,"PosX":0.21627442265384995,"PosY":0.3686026334762573,"PosZ":0.16656746124286607,"RotQx":-0.005740664038415753,"RotQy":0.08465203230419168,"RotQz":-0.0024460527595280229,"RotQw":-0.9963910352010731},"globalpose":{"TimeStamp":0,"PosX":0.15278872847557047,"PosY":-1.423349380493164,"PosZ":-0.27084919810295107,"RotQx":-0.005398470800211483,"RotQy":0.2058585691918741,"RotQz":0.0031296822080873478,"RotQw":0.9785618585927873},"velo":[0.0,0.0,0.0],"acce":[0.34481053857895496,-0.04931866571795081,-0.14881989519129897],"wvelo":[-0.030683075037588955,0.1684740625990248,-0.012176773260496397],"wacce":[0.0,0.0,0.0],"Action":5},{"bone":9,"localpose":{"TimeStamp":0,"PosX":0.10509683596349054,"PosY":0.9993323087692262,"PosZ":-0.007999952923738688,"RotQx":-0.042506029473016699,"RotQy":-0.016127533731597617,"RotQz":-0.013478604616300492,"RotQw":-0.9988751009669692},"globalpose":{"TimeStamp":0,"PosX":0.08730895817279794,"PosY":-0.7926197052001952,"PosZ":-0.07451622188091278,"RotQx":-0.040538826437941637,"RotQy":0.10613908740076755,"RotQz":0.018575222071296084,"RotQw":0.9933509242970325},"velo":[0.0,0.0,0.0],"acce":[0.34481053857895496,-0.04931866571795081,-0.14881989519129897],"wvelo":[-0.030683075037588955,0.1684740625990248,-0.012176773260496399],"wacce":[0.0,0.0,0.0],"Action":0},{"bone":10,"localpose":{"TimeStamp":0,"PosX":0.10787333654211892,"PosY":0.3513126373291018,"PosZ":-0.5197138165190012,"RotQx":-0.5618025099180823,"RotQy":-0.004844213297397079,"RotQz":-0.12135603756552214,"RotQw":-0.8183075128542253},"globalpose":{"TimeStamp":0,"PosX":0.21421118080615954,"PosY":-1.4406393766403197,"PosZ":0.42122021317481997,"RotQx":-0.5427465278888646,"RotQy":0.09525735696615492,"RotQz":0.18914426892835874,"RotQw":0.8127586898581652},"velo":[0.0,0.0,0.0],"acce":[0.34481053857895496,-0.04931866571795095,-0.14881989519129888],"wvelo":[-0.030683075037588875,0.1684740625990248,-0.012176773260496399],"wacce":[0.0,0.0,0.0],"Action":997},{"bone":11,"localpose":{"TimeStamp":0,"PosX":0.22813165041490256,"PosY":0.30941116809844995,"PosZ":0.2911211372605749,"RotQx":-0.00574066395717509,"RotQy":0.08465203000081194,"RotQz":-0.002446053197732213,"RotQw":-0.9963910353961574},"globalpose":{"TimeStamp":0,"PosX":0.13405832648277239,"PosY":-1.4825408458709715,"PosZ":-0.39455604553222659,"RotQx":-0.005398470665995525,"RotQy":0.20585856692963615,"RotQz":0.0031296826330685647,"RotQw":0.978561859068072},"velo":[0.0,0.0,0.0],"acce":[0.34481053857895485,-0.04931866571795095,-0.14881989519129897],"wvelo":[-0.03068307503758887,0.16847406259902479,-0.012176773260496403],"wacce":[0.0,0.0,0.0],"Action":999},{"bone":12,"localpose":{"TimeStamp":0,"PosX":0.11148405823728853,