{"trackingdata":[{"bone":0,"localpose":{"TimeStamp":0,"PosX":-0.028633757566900909,"PosY":0.5941146612167358,"PosZ":0.07144649287809263,"RotQx":-0.39750956614198276,"RotQy":-0.06138523615538498,"RotQz":0.03297369651194795,"RotQw":-0.9149484864986107},"globalpose":{"TimeStamp":0,"PosX":-0.0617063492536547,"PosY":-1.1978373527526856,"PosZ":-0.11912617087364197,"RotQx":-0.39855848578648109,"RotQy":0.0509582221523627,"RotQz":0.015882482288255896,"RotQw":0.9155884117653637},"velo":[0.0,0.0,0.0],"acce":[-2.608516231163e-312,2.608516230925e-312,-2.608516230293e-312],"wvelo":[-1.2142e-319,2.60035776209e-312,-2.605378391847e-312],"wacce":[0.0,0.0,0.0],"Action":0},{"bone":1,"localpose":{"TimeStamp":0,"PosX":-0.09248898791195944,"PosY":0.5545023679733276,"PosZ":0.012403792629934102,"RotQx":0.4864969106755929,"RotQy":-0.06326222096066456,"RotQz":0.003371104934512835,"RotQw":-0.8713823976611812},"globalpose":{"TimeStamp":0,"PosX":-0.10932041704654716,"PosY":-1.2374496459960938,"PosZ":-0.04634958505630493,"RotQx":0.4824336464547713,"RotQy":0.04376792530989207,"RotQz":-0.06283617758686455,"RotQw":0.8725787988879242},"velo":[0.0,0.0,0.0],"acce":[-2.608516231163e-312,2.608516230925e-312,-2.608516230293e-312],"wvelo":[-1.2142e-319,2.60035776209e-312,-2.605378391847e-312],"wacce":[0.0,0.0,0.0],"Action":0},{"bone":2,"localpose":{"TimeStamp":0,"PosX":0.016735553334992268,"PosY":0.5451825857162476,"PosZ":-0.0059000256743579619,"RotQx":-0.009328755307099257,"RotQy":-0.13008472257582569,"RotQz":-0.13905898072397794,"RotQw":-0.9816585654680549},"globalpose":{"TimeStamp":0,"PosX":0.0010805204510686562,"PosY":-1.2467694282531739,"PosZ":-0.055105336010456088,"RotQx":0.007745824022963435,"RotQy":-0.009068173976718474,"RotQz":0.13915612816465068,"RotQw":0.9901986378627052},"velo":[0.0,0.0,0.0],"acce":[-2.608516231163e-312,2.608516230925e-312,-2.608516230293e-312],"wvelo":[-1.2142e-319,2.60035776209e-312,-2.605378391847e-312],"wacce":[0.0,0.0,0.0],"Action":0},{"bone":3,"localpose":{"TimeStamp":0,"PosX":-0.02315759280875754,"PosY":0.6993812322616577,"PosZ":0.13168919807398975,"RotQx":-0.5053018374306745,"RotQy":-0.040619117729786508,"RotQz":0.03399632395371169,"RotQw":-0.8613154998731141},"globalpose":{"TimeStamp":0,"PosX":-0.07101672142744087,"PosY":-1.0925707817077637,"PosZ":-0.1788964718580246,"RotQx":-0.5056668537423781,"RotQy":0.06501008592628546,"RotQz":0.02804870726906772,"RotQw":0.8598185807335612},"velo":[1698955602126.993,0.9907026290893555,-0.0038649330381304027],"acce":[1698955602121.263,0.9907026290893555,-0.0038649330381304027],"wvelo":[1698955602115.541,0.9922934770584106,-0.0038649330381304027],"wacce":[1698955602110.659,0.9922934770584106,-0.0038649330381304027],"Action":0},{"bone":4,"localpose":{"TimeStamp":0,"PosX":-0.11175550625789585,"PosY":0.7665542364120483,"PosZ":0.32616300657548577,"RotQx":-0.0007679052443606033,"RotQy":-0.07317548810646399,"RotQz":0.013584523716467937,"RotQw":-0.9972262626792944},"globalpose":{"TimeStamp":0,"PosX":-0.20416979491710686,"PosY":-1.025397777557373,"PosZ":-0.34604883193969729,"RotQx":-0.0024233005858239969,"RotQy":0.04931763820514764,"RotQz":-0.013388673471944168,"RotQw":0.9986904633562888},"velo":[0.0,0.0,0.0],"acce":[-2.608516231163e-312,2.608516230925e-312,-2.608516230293e-312],"wvelo":[-1.2142e-319,2.60035776209e-312,-2.605378391847e-312],"wacce":[0.0,0.0,0.0],"Action":0},{"bone":5,"localpose":{"TimeStamp":0,"PosX":0.14972566800324819,"PosY":0.6051567792892456,"PosZ":-0.03993919941285291,"RotQx":-0.6885196417018801,"RotQy":-0.20477408390822095,"RotQz":0.02648116426975556,"RotQw":-0.695202866427622},"globalpose":{"TimeStamp":0,"PosX":0.1383557468652723,"PosY":-1.1867952346801758,"PosZ":-0.05436495691537857,"RotQx":-0.6865906778881076,"RotQy":-0.11822571433476716,"RotQz":0.057911916800568629,"RotQw":0.7150259655422782},"velo":[0.0,0.0,0.0],"acce":[-2.608516231163e-312,2.608516230925e-312,-2.608516230293e-312],"wvelo":[-1.2142e-319,2.60035776209e-312,-2.605378391847e-312],"wacce":[0.0,0.0,0.0],"Action":0},{"bone":6,"localpose":{"TimeStamp":0,"PosX":-0.013619254153519854,"PosY":0.740247368812561,"PosZ":0.25583895793946395,"RotQx":-0.5095744597996057,"RotQy":-0.032018965199421187,"RotQz":0.0293403800132735,"RotQw":-0.8593298539490963},"globalpose":{"TimeStamp":0,"PosX":-0.09189862012863182,"PosY":-1.0517046451568604,"PosZ":-0.3016486167907715,"RotQx":-0.509338067708256,"RotQy":0.07330288548403744,"RotQz":0.03319217923853912,"RotQw":0.8567961828815129},"velo":[0.0,0.0,0.0],"acce":[-2.608516231163e-312,2.608516230925e-312,-2.608516230293e-312],"wvelo":[-1.2142e-319,2.60035776209e-312,-2.605378391847e-312],"wacce":[0.0,0.0,0.0],"Action":0},{"bone":7,"localpose":{"TimeStamp":0,"PosX":-0.11403776436850713,"PosY":0.3686026334762573,"PosZ":0.2898229614138813,"RotQx":0.029770057111226816,"RotQy":-0.1708680047819601,"RotQz":0.008178796083952557,"RotQw":-0.9848101217676653},"globalpose":{"TimeStamp":0,"PosX":-0.19756294786930107,"PosY":-1.423349380493164,"PosZ":-0.31024160981178286,"RotQx":0.02854651154349505,"RotQy":-0.04916000586505263,"RotQz":-0.011757792500537157,"RotQw":0.998313650521498},"velo":[0.0,0.0,0.0],"acce":[0.47206352017142907,0.21069762997425194,0.2960161426348216],"wvelo":[-0.08178011177379273,-0.3513267165360727,0.018106773846271033],"wacce":[0.0,0.0,0.0],"Action":5},{"bone":8,"localpose":{"TimeStamp":0,"PosX":0.0006773615164582842,"PosY":0.612227201461792,"PosZ":-0.40373619815891828,"RotQx":-0.4887134167063446,"RotQy":-0.20860168708963018,"RotQz":0.14706621396694,"RotQw":-0.8342757704644196},"globalpose":{"TimeStamp":0,"PosX":0.0820696949958799,"PosY":-1.1797248125076295,"PosZ":0.3347308337688446,"RotQx":-0.5030294665508768,"RotQy":-0.10501832033961445,"RotQz":-0.08620110637862727,"RotQw":0.8535232143496082},"velo":[0.0,0.0,0.0],"acce":[0.39551952853978686,0.2409905910455209,0.8796491617610148],"wvelo":[0.10633308339003306,-0.13047577257748478,0.029178642804658374],"wacce":[0.0,0.0,0.0],"Action":0},{"bone":9,"localpose":{"TimeStamp":0,"PosX":-0.007112219356951457,"PosY":0.7628862857818604,"PosZ":0.30257091358532225,"RotQx":-0.5587252038714377,"RotQy":-0.024011273274009219,"RotQz":0.02669297493445394,"RotQw":-0.8285753377959847},"globalpose":{"TimeStamp":0,"PosX":-0.09692947566509269,"PosY":-1.029065728187561,"PosZ":-0.34856244921684267,"RotQx":-0.5577962149971627,"RotQy":0.07748972279241362,"RotQz":0.041830023749336368,"RotQw":0.825293265760435},"velo":[0.0,0.0,0.0],"acce":[0.39551952853978658,0.24099059104552068,0.879649161761015],"wvelo":[0.10633308339003302,-0.13047577257748475,0.02917864280465837],"wacce":[0.0,0.0,0.0],"Action":0},{"bone":10,"localpose":{"TimeStamp":0,"PosX":-0.11205936242738417,"PosY":0.31988000869750979,"PosZ":0.41303409691144696,"RotQx":0.029770053530618624,"RotQy":-0.1708680047982598,"RotQz":0.008178797464606105,"RotQw":-0.98481012186161},"globalpose":{"TimeStamp":0,"PosX":-0.2255508601665499,"PosY":-1.4720720052719117,"PosZ":-0.4302481710910797,"RotQx":0.028546507820927749,"RotQy":-0.04916000586974219,"RotQz":-0.011757793432981223,"RotQw":0.9983136506167308},"velo":[0.0,0.0,0.0],"acce":[0.3955195285397866,0.24099059104552074,0.8796491617610149],"wvelo":[0.10633308339003296,-0.1304757725774848,0.029178642804658408],"wacce":[0.0,0.0,0.0],"Action":990},{"bone":11,"localpose":{"TimeStamp":0,"PosX":0.027728873331412077,"PosY":0.4766523838043213,"PosZ":-0.4104833258910307,"RotQx":-0.488713393068523,"RotQy":-0.20860168389985668,"RotQz":0.14706619918489048,"RotQw":-0.8342757877146535},"globalpose":{"TimeStamp":0,"PosX":0.109949931502342,"PosY":-1.3152996301651,"PosZ":0.33470994234085085,"RotQx":-0.5030294412828555,"RotQy":-0.10501831506436652,"RotQz":-0.08620109459802039,"RotQw":0.853523231080328},"velo":[0.0,0.0,0.0],"acce":[0.39551952853978686,0.24099059104552046,0.879649161761015],"wvelo":[0.10633308339003299,-0.13047577257748484,0.02917864280465835],"wacce":[0.0,0.0,0.0],"Action":3},{"bone":12,"localpose":{"TimeStamp":0,"PosX":0.019042012795814884,"PosY":0.86540424823761,"PosZ":0.472396067057389,