{"trackingdata":[{"bone":0,"localpose":{"TimeStamp":0,"PosX":0.014769557334017657,"PosY":0.6734963655471802,"PosZ":0.043415803501495629,"RotQx":-0.0923230692453861,"RotQy":0.02720879061702338,"RotQz":0.012873107812402047,"RotQw":-0.9952740405001633},"globalpose":{"TimeStamp":0,"PosX":-0.012797154486179574,"PosY":-1.1184556484222413,"PosZ":-0.10246910154819489,"RotQx":-0.0932043723194709,"RotQy":0.14870983472021877,"RotQz":-0.0014869432307695885,"RotQw":0.9844775868641436},"velo":[0.0,0.0,0.0],"acce":[-2.608516231163e-312,2.608516230925e-312,-2.608516230293e-312],"wvelo":[-1.2142e-319,2.60035776209e-312,-2.605378391847e-312],"wacce":[0.0,0.0,0.0],"Action":0},{"bone":1,"localpose":{"TimeStamp":0,"PosX":-0.040378697077116238,"PosY":0.6028307676315308,"PosZ":0.010284014604102915,"RotQx":0.6046328801514012,"RotQy":-0.019616362559259499,"RotQz":-0.007733109180246431,"RotQw":-0.7962251425207393},"globalpose":{"TimeStamp":0,"PosX":-0.05825401842594169,"PosY":-1.1891212463378907,"PosZ":-0.05694197863340378,"RotQx":0.6010408939059114,"RotQy":0.07789576722890923,"RotQz":-0.06626133556271874,"RotQw":0.792648426927126},"velo":[0.0,0.0,0.0],"acce":[-2.608516231163e-312,2.608516230925e-312,-2.608516230293e-312],"wvelo":[-1.2142e-319,2.60035776209e-312,-2.605378391847e-312],"wacce":[0.0,0.0,0.0],"Action":0},{"bone":2,"localpose":{"TimeStamp":0,"PosX":0.06985252696974187,"PosY":0.5911914110183716,"PosZ":0.018376586787844597,"RotQx":0.10165316386641517,"RotQy":-0.028721890776997745,"RotQz":0.04251997995996838,"RotQw":-0.9934957164328118},"globalpose":{"TimeStamp":0,"PosX":0.04671627655625321,"PosY":-1.2007606029510499,"PosZ":-0.09154905378818512,"RotQx":0.09569080602056751,"RotQy":0.0929814397291454,"RotQz":-0.05463134688969773,"RotQw":0.9895519882482411},"velo":[0.0,0.0,0.0],"acce":[-2.608516231163e-312,2.608516230925e-312,-2.608516230293e-312],"wvelo":[-1.2142e-319,2.60035776209e-312,-2.605378391847e-312],"wacce":[0.0,0.0,0.0],"Action":0},{"bone":3,"localpose":{"TimeStamp":0,"PosX":0.015050625819852282,"PosY":0.794102668762207,"PosZ":0.02947792825746079,"RotQx":-0.10485972215666736,"RotQy":0.03785450738876336,"RotQz":0.0024920723170449435,"RotQw":-0.9937631833164012},"globalpose":{"TimeStamp":0,"PosX":-0.009141338989138826,"PosY":-0.9978493452072144,"PosZ":-0.08901628106832504,"RotQx":-0.10437751519494376,"RotQy":0.1590909057428369,"RotQz":0.010349206584861826,"RotQw":0.9816762765569499},"velo":[1698955597889.611,0.9698208570480347,-0.5627574920654297],"acce":[1698955597886.152,0.9698208570480347,-0.5627574920654297],"wvelo":[1698955597883.247,0.9698208570480347,-0.5627574920654297],"wacce":[1698955597880.464,0.9698208570480347,-0.5627574920654297],"Action":0},{"bone":4,"localpose":{"TimeStamp":0,"PosX":-0.06769590680174292,"PosY":0.7201975584030151,"PosZ":0.3606365994409842,"RotQx":-0.19968295734784706,"RotQy":-0.04713492607568004,"RotQz":-0.01705723922222968,"RotQw":-0.9785775727446312},"globalpose":{"TimeStamp":0,"PosX":-0.16979566216468834,"PosY":-1.0717544555664063,"PosZ":-0.390186071395874,"RotQx":-0.19609857496976819,"RotQy":0.07288235203446662,"RotQz":0.041347088892601416,"RotQw":0.9769974052661847},"velo":[0.0,0.0,0.0],"acce":[-2.608516231163e-312,2.608516230925e-312,-2.608516230293e-312],"wvelo":[-1.2142e-319,2.60035776209e-312,-2.605378391847e-312],"wacce":[0.0,0.0,0.0],"Action":0},{"bone":5,"localpose":{"TimeStamp":0,"PosX":0.08153475519297383,"PosY":0.44421350955963137,"PosZ":0.08511411154884474,"RotQx":-0.6757608852206924,"RotQy":0.013526232295299434,"RotQz":0.12910872084134426,"RotQw":-0.7255998933629687},"globalpose":{"TimeStamp":0,"PosX":0.041849873960017939,"PosY":-1.34773850440979,"PosZ":-0.15912634134292603,"RotQx":-0.6864772929217683,"RotQy":0.10215335784972547,"RotQz":-0.04550562706240608,"RotQw":0.718500421494994},"velo":[0.0,0.0,0.0],"acce":[-2.608516231163e-312,2.608516230925e-312,-2.608516230293e-312],"wvelo":[-1.2142e-319,2.60035776209e-312,-2.605378391847e-312],"wacce":[0.0,0.0,0.0],"Action":0},{"bone":6,"localpose":{"TimeStamp":0,"PosX":0.008601773143643743,"PosY":0.9146988391876222,"PosZ":0.08036177683943771,"RotQx":-0.05854954172281025,"RotQy":0.04340153097064697,"RotQz":-0.0010523459439930796,"RotQw":-0.9973400377210709},"globalpose":{"TimeStamp":0,"PosX":-0.027748411521315798,"PosY":-0.8772531747817992,"PosZ":-0.13681304454803468,"RotQx":-0.057981458213297549,"RotQy":0.1650336893345302,"RotQz":0.008204070416358456,"RotQw":0.9845479800988355},"velo":[0.0,0.0,0.0],"acce":[-2.608516231163e-312,2.608516230925e-312,-2.608516230293e-312],"wvelo":[-1.2142e-319,2.60035776209e-312,-2.605378391847e-312],"wacce":[0.0,0.0,0.0],"Action":0},{"bone":7,"localpose":{"TimeStamp":0,"PosX":-0.051643557982639528,"PosY":0.3686026334762573,"PosZ":0.17138892638701423,"RotQx":-0.02644378927342842,"RotQy":-0.13028077076660952,"RotQz":-0.020390903258133594,"RotQw":-0.9909146571938665},"globalpose":{"TimeStamp":0,"PosX":-0.10828712582588218,"PosY":-1.423349380493164,"PosZ":-0.2104945033788681,"RotQx":-0.02375187163137229,"RotQy":-0.008130886875740915,"RotQz":0.023471504443193737,"RotQw":0.9994092383762488},"velo":[0.0,0.0,0.0],"acce":[0.35171318587670266,0.4684875250000859,0.02077423605844839],"wvelo":[0.01994178172310583,-0.07658439006037597,0.046088491309175357],"wacce":[0.0,0.0,0.0],"Action":5},{"bone":8,"localpose":{"TimeStamp":0,"PosX":0.004433532871329781,"PosY":0.458453893661499,"PosZ":-0.30019905226312346,"RotQx":-0.5300921127296587,"RotQy":0.004095485754517499,"RotQz":0.2866841806012604,"RotQw":-0.7979960899723915},"globalpose":{"TimeStamp":0,"PosX":0.06058187037706353,"PosY":-1.3334981203079224,"PosZ":0.2333783656358719,"RotQx":-0.5611705500034584,"RotQy":0.10164622120737689,"RotQz":-0.21971135881884994,"RotQw":0.7915065245018842},"velo":[0.0,0.0,0.0],"acce":[-0.8479686662537991,0.12409326852979676,-0.28110248367812559],"wvelo":[0.019973156641012386,0.013545673093276442,-0.07340752158383966],"wacce":[0.0,0.0,0.0],"Action":1},{"bone":9,"localpose":{"TimeStamp":0,"PosX":0.010099367271206448,"PosY":0.9662458896636964,"PosZ":0.08927159734513154,"RotQx":-0.06473235845104027,"RotQy":0.046909064898054648,"RotQz":-0.006115070491072982,"RotQw":-0.9967807518770843},"globalpose":{"TimeStamp":0,"PosX":-0.028458293527364954,"PosY":-0.825706124305725,"PosZ":-0.14581991732120515,"RotQx":-0.06349878860665156,"RotQy":0.16844650888517594,"RotQz":0.013984854780530687,"RotQw":0.9835639792746843},"velo":[0.0,0.0,0.0],"acce":[-0.847968666253799,0.12409326852979685,-0.2811024836781253],"wvelo":[0.019973156641012365,0.01354567309327647,-0.07340752158383966],"wacce":[0.0,0.0,0.0],"Action":0},{"bone":10,"localpose":{"TimeStamp":0,"PosX":-0.057201556379610839,"PosY":0.30537450313568118,"PosZ":0.287707917120824,"RotQx":-0.0264437874255315,"RotQy":-0.13028077261906655,"RotQz":-0.020390903486496836,"RotQw":-0.9909146569949285},"globalpose":{"TimeStamp":0,"PosX":-0.1419131159782412,"PosY":-1.4865775108337403,"PosZ":-0.32198572158813479,"RotQx":-0.02375186976941839,"RotQy":-0.008130888738622493,"RotQz":0.023471504443876524,"RotQw":0.999409238405328},"velo":[0.0,0.0,0.0],"acce":[-0.847968666253799,0.12409326852979685,-0.28110248367812537],"wvelo":[0.019973156641012368,0.013545673093276471,-0.07340752158383966],"wacce":[0.0,0.0,0.0],"Action":969},{"bone":11,"localpose":{"TimeStamp":0,"PosX":-0.032377638178022919,"PosY":0.32514286041259768,"PosZ":-0.30576522517689866,"RotQx":-0.530092120828194,"RotQy":0.004095500283544566,"RotQz":0.28668419182589296,"RotQw":-0.797996080485631},"globalpose":{"TimeStamp":0,"PosX":0.026222668588161248,"PosY":-1.4668091535568238,"PosZ":0.24771328270435334,"RotQx":-0.5611705594137993,"RotQy":0.10164623446729637,"RotQz":-0.21971136896893,"RotQw":0.791506513309664},"velo":[0.0,0.0,0.0],"acce":[-0.847968666253799,0.12409326852979681,-0.28110248367812548],"wvelo":[0.019973156641012379,0.013545673093276459,-0.07340752158383966],"wacce":[0.0,0.0,0.0],"Action":562},{"bone":12,"localpose":{"TimeStamp":0,"PosX":0.02181305310635801,"PosY":1.1659433841705323,