{"trackingdata":[{"bone":0,"localpose":{"TimeStamp":0,"PosX":0.1254520924791391,"PosY":0.6237961053848267,"PosZ":0.14778789242719218,"RotQx":-0.39233077187981738,"RotQy":0.092027293790839,"RotQz":-0.023013647703817355,"RotQw":-0.9149196219630913},"globalpose":{"TimeStamp":0,"PosX":0.069240942597389,"PosY":-1.1681559085845948,"PosZ":-0.23058587312698365,"RotQx":-0.38657224855887586,"RotQy":0.20321590064519585,"RotQz":0.07081637655643969,"RotQw":0.8967999973129535},"velo":[0.0,0.0,0.0],"acce":[-2.608516231163e-312,2.608516230925e-312,-2.608516230293e-312],"wvelo":[-1.2142e-319,2.60035776209e-312,-2.605378391847e-312],"wacce":[0.0,0.0,0.0],"Action":0},{"bone":1,"localpose":{"TimeStamp":0,"PosX":0.0830783231536173,"PosY":0.5843311548233032,"PosZ":0.07176390207970904,"RotQx":0.11489330966849779,"RotQy":0.10889209314847268,"RotQz":0.019712536597563936,"RotQw":-0.9871947403344757},"globalpose":{"TimeStamp":0,"PosX":0.04658778756856896,"PosY":-1.2076208591461182,"PosZ":-0.14655005931854249,"RotQx":0.11162055380206948,"RotQy":0.22879216272582909,"RotQz":-0.03361411421725902,"RotQw":0.9664704287093042},"velo":[0.0,0.0,0.0],"acce":[-2.608516231163e-312,2.608516230925e-312,-2.608516230293e-312],"wvelo":[-1.2142e-319,2.60035776209e-312,-2.605378391847e-312],"wacce":[0.0,0.0,0.0],"Action":0},{"bone":2,"localpose":{"TimeStamp":0,"PosX":0.19219111006377324,"PosY":0.5729188919067383,"PosZ":0.08954169572824239,"RotQx":0.4751181681629226,"RotQy":0.04236632596860271,"RotQz":0.044338907365989579,"RotQw":-0.8777823659649476},"globalpose":{"TimeStamp":0,"PosX":0.14812219142913797,"PosY":-1.219033122062683,"PosZ":-0.1902812272310257,"RotQx":0.46613062679828268,"RotQy":0.1493863652529973,"RotQz":-0.10210509872450602,"RotQw":0.8660141462191002},"velo":[0.0,0.0,0.0],"acce":[-2.608516231163e-312,2.608516230925e-312,-2.608516230293e-312],"wvelo":[-1.2142e-319,2.60035776209e-312,-2.605378391847e-312],"wacce":[0.0,0.0,0.0],"Action":0},{"bone":3,"localpose":{"TimeStamp":0,"PosX":0.1135123140243502,"PosY":0.729884147644043,"PosZ":0.20560643053056738,"RotQx":-0.5348459450681793,"RotQy":0.024105752704742649,"RotQz":0.0030252656471574659,"RotQw":-0.8446002459734595},"globalpose":{"TimeStamp":0,"PosX":0.043623894453048487,"PosY":-1.0620678663253785,"PosZ":-0.283777117729187,"RotQx":-0.5312020020147331,"RotQy":0.12720521895464743,"RotQz":0.06240008208046782,"RotQw":0.8353140098684989},"velo":[1698955606102.022,0.0038649330381304027,-0.9978057742118836],"acce":[1698955606095.975,0.0038649330381304027,-0.9978057742118836],"wvelo":[1698955606089.45,0.0038649330381304027,-0.9976632595062256],"wacce":[1698955606083.752,0.0038649330381304027,-0.9976632595062256],"Action":0},{"bone":4,"localpose":{"TimeStamp":0,"PosX":0.018965195265254497,"PosY":0.6111855506896973,"PosZ":0.15015009736938496,"RotQx":-0.5942343460013889,"RotQy":0.07636446305366958,"RotQz":-0.08751180592560097,"RotQw":-0.7958616052043638},"globalpose":{"TimeStamp":0,"PosX":-0.03463470190763496,"PosY":-1.1807664632797242,"PosZ":-0.2070297747850418,"RotQx":-0.5790735503972702,"RotQy":0.17311182680331398,"RotQz":0.15951989648428994,"RotQw":0.7805507807162588},"velo":[0.0,0.0,0.0],"acce":[-2.608516231163e-312,2.608516230925e-312,-2.608516230293e-312],"wvelo":[-1.2142e-319,2.60035776209e-312,-2.605378391847e-312],"wacce":[0.0,0.0,0.0],"Action":0},{"bone":5,"localpose":{"TimeStamp":0,"PosX":0.1901171150195813,"PosY":0.7478383779525757,"PosZ":0.3887096762949522,"RotQx":-0.08347673114191666,"RotQy":0.055058215175586459,"RotQz":0.02495570233703283,"RotQw":-0.9946745403499603},"globalpose":{"TimeStamp":0,"PosX":0.07349291443824746,"PosY":-1.0441136360168458,"PosZ":-0.47999876737594607,"RotQx":-0.08590192137117209,"RotQy":0.1762769477056304,"RotQz":-0.014560619012095322,"RotQw":0.9804770706071164},"velo":[0.0,0.0,0.0],"acce":[-2.608516231163e-312,2.608516230925e-312,-2.608516230293e-312],"wvelo":[-1.2142e-319,2.60035776209e-312,-2.605378391847e-312],"wacce":[0.0,0.0,0.0],"Action":0},{"bone":6,"localpose":{"TimeStamp":0,"PosX":0.10557687939619327,"PosY":0.7624462842941284,"PosZ":0.33229866939231275,"RotQx":-0.553151179408944,"RotQy":-0.007097583059359647,"RotQz":0.015696343177747146,"RotQw":-0.8329027685414765},"globalpose":{"TimeStamp":0,"PosX":0.0051736608147618938,"PosY":-1.029505729675293,"PosZ":-0.40475428104400637,"RotQx":-0.550919319454902,"RotQy":0.09480565192542878,"RotQz":0.052062519359006857,"RotQw":0.8275199610235001},"velo":[0.0,0.0,0.0],"acce":[-2.608516231163e-312,2.608516230925e-312,-2.608516230293e-312],"wvelo":[-1.2142e-319,2.60035776209e-312,-2.605378391847e-312],"wacce":[0.0,0.0,0.0],"Action":0},{"bone":7,"localpose":{"TimeStamp":0,"PosX":0.12451590505887791,"PosY":0.5345324277877808,"PosZ":-0.22757282880366207,"RotQx":-0.4196512585043891,"RotQy":0.10701789792541533,"RotQz":-0.0776019496241899,"RotQw":-0.8980077550744384},"globalpose":{"TimeStamp":0,"PosX":0.1594443917274473,"PosY":-1.2574195861816407,"PosZ":0.13377642631530763,"RotQx":-0.40701247271643289,"RotQy":0.21602596786983895,"RotQz":0.12833584223843268,"RotQw":0.8781819514520362},"velo":[0.0,0.0,0.0],"acce":[0.34078566011304009,0.03693119334747135,1.420681063131276],"wvelo":[0.3086703081916194,0.33000101091190839,-0.027670627238082128],"wacce":[0.0,0.0,0.0],"Action":0},{"bone":8,"localpose":{"TimeStamp":0,"PosX":0.16031245208412912,"PosY":0.3686026334762573,"PosZ":0.2891834609438621,"RotQx":0.01239792064228571,"RotQy":0.07592623003542098,"RotQz":-0.027119621508508237,"RotQw":-0.9966674597304717},"globalpose":{"TimeStamp":0,"PosX":0.06873768568038918,"PosY":-1.423349380493164,"PosZ":-0.37621450424194338,"RotQx":0.015621150008674619,"RotQy":0.19723205389842278,"RotQz":0.02540003896500243,"RotQw":0.9799032271648015},"velo":[0.0,0.0,0.0],"acce":[-0.7590742666975959,-0.9098101017552706,0.2575216686811427],"wvelo":[-0.014006432179221837,0.06343169672208012,-0.06821602818079969],"wacce":[0.0,0.0,0.0],"Action":5},{"bone":9,"localpose":{"TimeStamp":0,"PosX":0.10944701726577493,"PosY":0.7801942825317383,"PosZ":0.38137782980611398,"RotQx":-0.6137491094235489,"RotQy":-0.039260670126377409,"RotQz":0.02849421402745437,"RotQw":-0.7880093338469958},"globalpose":{"TimeStamp":0,"PosX":-0.002984970808029397,"PosY":-1.011757731437683,"PosZ":-0.45330506563186648,"RotQx":-0.6126274413885309,"RotQy":0.05739423024907497,"RotQz":0.04677079867806294,"RotQw":0.7868964434935988},"velo":[0.0,0.0,0.0],"acce":[-0.7590742666975956,-0.909810101755271,0.2575216686811427],"wvelo":[-0.014006432179221857,0.06343169672208012,-0.06821602818079969],"wacce":[0.0,0.0,0.0],"Action":0},{"bone":10,"localpose":{"TimeStamp":0,"PosX":0.08601398707549066,"PosY":0.4092977046966553,"PosZ":-0.2077575665763423,"RotQx":-0.41965120919649875,"RotQy":0.10701791476183226,"RotQz":-0.07760197318656873,"RotQw":-0.8980077740740873},"globalpose":{"TimeStamp":0,"PosX":0.11728414893150308,"PosY":-1.3826543092727662,"PosZ":0.12389937043190003,"RotQx":-0.40701242089730385,"RotQy":0.21602598690323966,"RotQz":0.12833585959445799,"RotQw":0.8781819682502875},"velo":[0.0,0.0,0.0],"acce":[-0.7590742666975956,-0.909810101755271,0.25752166868114248],"wvelo":[-0.01400643217922185,0.06343169672208013,-0.06821602818079968],"wacce":[0.0,0.0,0.0],"Action":3},{"bone":11,"localpose":{"TimeStamp":0,"PosX":0.17691685638137628,"PosY":0.3151407241821289,"PosZ":0.4157692344164687,"RotQx":0.012397921558327752,"RotQy":0.07592625632845054,"RotQz":-0.027119621165390456,"RotQw":-0.996667457725407},"globalpose":{"TimeStamp":0,"PosX":0.0541192367672918,"PosY":-1.4768112897872925,"PosZ":-0.5030449628829956,"RotQx":0.015621150875884477,"RotQy":0.19723207974894428,"RotQz":0.025400038512443158,"RotQw":0.97990322195959},"velo":[0.0,0.0,0.0],"acce":[-0.7590742666975958,-0.9098101017552703,0.25752166868114248],"wvelo":[-0.014006432179221814,0.0634316967220801,-0.06821602818079969],"wacce":[0.0,0.0,0.0],"Action":997},{"bone":12,"localpose":{"TimeStamp":0,"PosX":0.1393925553535772,"PosY":0.8588017225265503,"PosZ":0.5629231959651504,"RotQx":-0.7443720903940191,