{"trackingdata":[{"bone":0,"localpose":{"TimeStamp":0,"PosX":0.031351004858272909,"PosY":1.2028716802597047,"PosZ":-0.16778361829840217,"RotQx":-0.0460427701847612,"RotQy":-0.011889047322630853,"RotQz":-0.00028867170113253213,"RotQw":-0.9988686753202959},"globalpose":{"TimeStamp":0,"PosX":0.05455302447080601,"PosY":-0.5890803337097168,"PosZ":0.09838929027318955,"RotQx":-0.04566193128510457,"RotQy":0.11034497930480383,"RotQz":0.0059167600046104999,"RotQw":0.9928262514280053},"velo":[0.0,0.0,0.0],"acce":[-2.608516231163e-312,2.608516230925e-312,-2.608516230293e-312],"wvelo":[-1.2142e-319,2.600357779796e-312,-2.605378391847e-312],"wacce":[0.0,0.0,0.0],"Action":0},{"bone":1,"localpose":{"TimeStamp":0,"PosX":-0.02366293751364564,"PosY":1.127934217453003,"PosZ":-0.1899310531947789,"RotQx":0.017323076355586398,"RotQy":-0.02781099482992529,"RotQz":0.012904240149009008,"RotQw":-0.9993797777513438},"globalpose":{"TimeStamp":0,"PosX":0.006560213863849529,"PosY":-0.6640177965164185,"PosZ":0.13322795927524568,"RotQx":0.01561510003701537,"RotQy":0.09460502115438832,"RotQz":-0.014925717372333392,"RotQw":0.9952805039706811},"velo":[0.0,0.0,0.0],"acce":[-2.608516231163e-312,2.608516230925e-312,-2.608516230293e-312],"wvelo":[-1.2142e-319,2.600357779796e-312,-2.605378391847e-312],"wacce":[0.0,0.0,0.0],"Action":0},{"bone":2,"localpose":{"TimeStamp":0,"PosX":0.08720034473003888,"PosY":1.1201252341270447,"PosZ":-0.1894418377120938,"RotQx":0.010958481217280719,"RotQy":0.0016931526383087287,"RotQz":-0.013433379996785206,"RotQw":-0.9998482831036998},"globalpose":{"TimeStamp":0,"PosX":0.11398923397064198,"PosY":-0.6718267798423767,"PosZ":0.1058434322476387,"RotQx":0.012518916562674303,"RotQy":0.12394503784816237,"RotQz":0.01199252837496423,"RotQw":0.9921376333876718},"velo":[0.0,0.0,0.0],"acce":[-2.608516231163e-312,2.608516230925e-312,-2.608516230293e-312],"wvelo":[-1.2142e-319,2.600357779796e-312,-2.605378391847e-312],"wacce":[0.0,0.0,0.0],"Action":0},{"bone":3,"localpose":{"TimeStamp":0,"PosX":0.02642399533218255,"PosY":1.3216084837913514,"PosZ":-0.1926333677448304,"RotQx":-0.059478463921670828,"RotQy":-0.023891436566905165,"RotQz":0.007507725294162044,"RotQw":-0.997915400046114},"globalpose":{"TimeStamp":0,"PosX":0.05580516532063473,"PosY":-0.47034353017807009,"PosZ":0.12369181215763092,"RotQx":-0.05995016151508559,"RotQy":0.09831609542468978,"RotQz":-0.00017816814880750043,"RotQw":0.9933478201369697},"velo":[1698955571409.102,0.9994850158691406,-0.9999357461929321],"acce":[1698955571403.22,0.9994850158691406,-0.9999357461929321],"wvelo":[1698955571396.569,0.9994850158691406,-0.9999357461929321],"wacce":[1698955571390.3801,0.9995998740196228,-0.9999531507492065],"Action":0},{"bone":4,"localpose":{"TimeStamp":0,"PosX":-0.07260726977698044,"PosY":0.7694157361984253,"PosZ":-0.1674935228054203,"RotQx":-0.024637016463732066,"RotQy":-0.026422462231241417,"RotQz":0.0020894337573032779,"RotQw":-0.9993450381004442},"globalpose":{"TimeStamp":0,"PosX":-0.046366654336452709,"PosY":-1.022536277770996,"PosZ":0.12334175407886505,"RotQx":-0.02470762448491106,"RotQy":0.09597888509724478,"RotQz":0.0009389387482616196,"RotQw":0.995076230899839},"velo":[0.0,0.0,0.0],"acce":[-2.608516231163e-312,2.608516230925e-312,-2.608516230293e-312],"wvelo":[-1.2142e-319,2.600357779796e-312,-2.605378391847e-312],"wacce":[0.0,0.0,0.0],"Action":0},{"bone":5,"localpose":{"TimeStamp":0,"PosX":0.13711044669824139,"PosY":0.7637263536453247,"PosZ":-0.18597727284092784,"RotQx":-0.019990339389932753,"RotQy":-0.0021956586941529047,"RotQz":-0.006743258365986597,"RotQw":-0.999775021632659},"globalpose":{"TimeStamp":0,"PosX":0.16156575083732584,"PosY":-1.0282256603240967,"PosZ":0.09036775678396225,"RotQx":-0.01901573016879387,"RotQy":0.12007645240728475,"RotQz":0.009137133492664318,"RotQw":0.9925404578025856},"velo":[0.0,0.0,0.0],"acce":[-2.608516231163e-312,2.608516230925e-312,-2.608516230293e-312],"wvelo":[-1.2142e-319,2.600357779796e-312,-2.605378391847e-312],"wacce":[0.0,0.0,0.0],"Action":0},{"bone":6,"localpose":{"TimeStamp":0,"PosX":0.02570761195143445,"PosY":1.4463350176811219,"PosZ":-0.15242181323667387,"RotQx":-0.0175681081263412,"RotQy":-0.025955242515242437,"RotQz":0.008616740882971722,"RotQw":-0.9994715797557187},"globalpose":{"TimeStamp":0,"PosX":0.04534962028264994,"PosY":-0.34561699628829958,"PosZ":0.08485672622919083,"RotQx":-0.01848994613614166,"RotQy":0.09645807236024338,"RotQz":-0.006403790944875698,"RotQw":0.9951446897963948},"velo":[0.0,0.0,0.0],"acce":[-2.608516231163e-312,2.608516230925e-312,-2.608516230293e-312],"wvelo":[-1.2142e-319,2.600357779796e-312,-2.605378391847e-312],"wacce":[0.0,0.0,0.0],"Action":0},{"bone":7,"localpose":{"TimeStamp":0,"PosX":-0.0628600051390478,"PosY":0.37373435497283938,"PosZ":-0.22256188364576566,"RotQx":-0.0038624589182211165,"RotQy":-0.0064330574530146599,"RotQz":0.0058663882946364599,"RotQw":-0.9999546403068932},"globalpose":{"TimeStamp":0,"PosX":-0.023544102907181009,"PosY":-1.418217658996582,"PosZ":0.17439725995063783,"RotQx":-0.004550832558123248,"RotQy":0.11589281857879967,"RotQz":-0.00535004892933877,"RotQw":0.9932368909285152},"velo":[0.0,0.0,0.0],"acce":[-0.02617712296978989,0.035030788756855408,0.03049974956748563],"wvelo":[-0.004603450255083868,0.0035098690325362387,0.0013102082297065279],"wacce":[0.0,0.0,0.0],"Action":5},{"bone":8,"localpose":{"TimeStamp":0,"PosX":0.12444643557593988,"PosY":0.37363541126251245,"PosZ":-0.2337496452101406,"RotQx":-0.000500933058350133,"RotQy":0.0066580694633247149,"RotQz":-0.009227372399620742,"RotQw":-0.99993513528413},"globalpose":{"TimeStamp":0,"PosX":0.16087630391120867,"PosY":-1.418316602706909,"PosZ":0.13978537917137147,"RotQx":0.0006311784268694666,"RotQy":0.1288833147997275,"RotQz":0.00921937899880926,"RotQw":0.991616708124114},"velo":[0.0,0.0,0.0],"acce":[0.050939697378523208,0.023491673696591818,-0.05767474314847217],"wvelo":[0.002093683020682593,0.0019361866732998603,0.0029310441642920318],"wacce":[0.0,0.0,0.0],"Action":5},{"bone":9,"localpose":{"TimeStamp":0,"PosX":0.02889944570093555,"PosY":1.4983885288238526,"PosZ":-0.14806568793439874,"RotQx":-0.028739438138713607,"RotQy":-0.029239012201229987,"RotQz":0.01211258509721123,"RotQw":-0.9990857871790743},"globalpose":{"TimeStamp":0,"PosX":0.04738863185048098,"PosY":-0.29356348514556887,"PosZ":0.07985612004995346,"RotQx":-0.03000492099598064,"RotQy":0.09315177059671497,"RotQz":-0.008507334382231004,"RotQw":0.9951633421767659},"velo":[0.0,0.0,0.0],"acce":[0.050939697378523208,0.02349167369659183,-0.057674743148472169],"wvelo":[0.0020936830206825928,0.0019361866732998607,0.0029310441642920318],"wacce":[0.0,0.0,0.0],"Action":0},{"bone":10,"localpose":{"TimeStamp":0,"PosX":-0.10032090376710537,"PosY":0.3171128034591675,"PosZ":-0.10876615473644189,"RotQx":-0.0038624593803795665,"RotQy":-0.006433057453001045,"RotQz":0.005866388351566625,"RotQw":-0.9999546403047741},"globalpose":{"TimeStamp":0,"PosX":-0.08750642091035865,"PosY":-1.474839210510254,"PosZ":0.07309766113758087,"RotQx":-0.004550833023774917,"RotQy":0.11589281857855406,"RotQz":-0.0053500489293275,"RotQw":0.9932368909264104},"velo":[0.0,0.0,0.0],"acce":[0.050939697378523208,0.023491673696591835,-0.057674743148472169],"wvelo":[0.0020936830206825928,0.0019361866732998605,0.0029310441642920318],"wacce":[0.0,0.0,0.0],"Action":999},{"bone":11,"localpose":{"TimeStamp":0,"PosX":0.15636138138326317,"PosY":0.3162248134613037,"PosZ":-0.11191655967850799,"RotQx":-0.0005009328239448914,"RotQy":0.006658069463208389,"RotQz":-0.009227374305068558,"RotQw":-0.9999351352666648},"globalpose":{"TimeStamp":0,"PosX":0.16226413846015909,"PosY":-1.4757272005081177,"PosZ":0.013849131762981415,"RotQx":0.000631178892519707,"RotQy":0.1288833147974764,"RotQz":0.00921938086129337,"RotQw":0.9916167081067941},"velo":[0.0,0.0,0.0],"acce":[0.05093969737852321,0.02349167369659183,-0.057674743148472169],"wvelo":[0.0020936830206825928,0.0019361866732998607,0.0029310441642920318],"wacce":[0.0,0.0,0.0],"Action":999},{"bone":12,